{"cameraMode":{"drawMode":0,"name":"Shaded","section":"Shading Mode"},"sceneLighting":true,"audioPlay":false,"sceneViewState":{"m_AlwaysRefresh":false,"showFog":true,"showSkybox":true,"showFlares":true,"showImageEffects":true,"showParticleSystems":true,"showVisualEffectGraphs":true,"m_FxEnabled":true},"in2DMode":false,"pivot":{"x":15.176957130432129,"y":8.419072151184082,"z":11.776147842407227},"rotation":{"x":0.05066964030265808,"y":-0.005397147964686155,"z":-0.0003219830396119505,"w":-0.9987393617630005},"size":15.109151840209961,"orthographic":false}